﻿{"cameraMode":{"drawMode":0,"name":"Shaded","section":"Shading Mode"},"sceneLighting":false,"audioPlay":false,"sceneViewState":{"showFog":false,"showMaterialUpdate":false,"showSkybox":false,"showFlares":false,"showImageEffects":false,"showParticleSystems":false},"in2DMode":false,"pivot":{"x":3.287813425064087,"y":-2.2559471130371095,"z":-0.5158278346061707},"rotation":{"x":0.15148399770259858,"y":-0.7432818412780762,"z":0.1797754317522049,"w":0.6263111233711243},"size":8.408734321594239,"orthographic":false}