﻿{"cameraMode":{"drawMode":0,"name":"Shaded","section":"Shading Mode"},"sceneLighting":false,"audioPlay":false,"sceneViewState":{"showFog":true,"showMaterialUpdate":false,"showSkybox":false,"showFlares":true,"showImageEffects":true,"showParticleSystems":true},"in2DMode":false,"pivot":{"x":-45.479713439941409,"y":4.067767143249512,"z":-0.29911479353904726},"rotation":{"x":0.0871720090508461,"y":-0.8995875716209412,"z":0.21045181155204774,"w":0.37263089418411257},"size":54.9842414855957,"orthographic":false}